Title,First part,Second part
Health tips,Looking for a secret to a better day?,Start by getting a good night's sleep and staying hydrated.
Health tips,Wishing for a happier you?,Smile often and surround yourself with positivity.
Health tips,Feeling stuck in a rut?,Try new foods and activities for a fresh perspective.
Health tips,Ready for a positive change?,Swap 'I can't' for 'I will' and see the difference.
Health tips,Want more energy every day?,Move your body and fuel it with wholesome foods.
Health tips,Tired of feeling tired?,Get moving and watch your energy soar.
Health tips,Seeking a healthier mindset?,Practice gratitude and let go of what you can't control.
Health tips,Longing for a brighter mood?,Connect with nature and those who lift you up.
Health tips,Ready to make a change?,Small steps can lead to big transformations.
Health tips,Want to boost your well-being?,"Remember, progress, not perfection, is the goal."